cohort_month,month_index,activity_month,cohort_size,active_customers,retention_rate
2009-12-01,0,2009-12-01,955,955,1.0
2009-12-01,1,2010-01-01,955,337,0.3529
2009-12-01,2,2010-02-01,955,319,0.334
2009-12-01,3,2010-03-01,955,406,0.4251
2009-12-01,4,2010-04-01,955,363,0.3801
2009-12-01,5,2010-05-01,955,343,0.3592
2009-12-01,6,2010-06-01,955,360,0.377
2009-12-01,7,2010-07-01,955,327,0.3424
2009-12-01,8,2010-08-01,955,321,0.3361
2009-12-01,9,2010-09-01,955,346,0.3623
2009-12-01,10,2010-10-01,955,403,0.422
2009-12-01,11,2010-11-01,955,473,0.4953
2009-12-01,12,2010-12-01,955,359,0.3759
2009-12-01,13,2011-01-01,955,270,0.2827
2009-12-01,14,2011-02-01,955,233,0.244
2009-12-01,15,2011-03-01,955,289,0.3026
2009-12-01,16,2011-04-01,955,251,0.2628
2009-12-01,17,2011-05-01,955,289,0.3026
2009-12-01,18,2011-06-01,955,270,0.2827
2009-12-01,19,2011-07-01,955,248,0.2597
2009-12-01,20,2011-08-01,955,244,0.2555
2009-12-01,21,2011-09-01,955,301,0.3152
2009-12-01,22,2011-10-01,955,291,0.3047
2009-12-01,23,2011-11-01,955,389,0.4073
2009-12-01,24,2011-12-01,955,188,0.1969
2010-01-01,0,2010-01-01,383,383,1.0
2010-01-01,1,2010-02-01,383,79,0.2063
2010-01-01,2,2010-03-01,383,119,0.3107
2010-01-01,3,2010-04-01,383,117,0.3055
2010-01-01,4,2010-05-01,383,101,0.2637
2010-01-01,5,2010-06-01,383,115,0.3003
2010-01-01,6,2010-07-01,383,99,0.2585
2010-01-01,7,2010-08-01,383,88,0.2298
2010-01-01,8,2010-09-01,383,107,0.2794
2010-01-01,9,2010-10-01,383,122,0.3185
2010-01-01,10,2010-11-01,383,116,0.3029
2010-01-01,11,2010-12-01,383,66,0.1723
2010-01-01,12,2011-01-01,383,85,0.2219
2010-01-01,13,2011-02-01,383,68,0.1775
2010-01-01,14,2011-03-01,383,72,0.188
2010-01-01,15,2011-04-01,383,58,0.1514
2010-01-01,16,2011-05-01,383,90,0.235
2010-01-01,17,2011-06-01,383,76,0.1984
2010-01-01,18,2011-07-01,383,71,0.1854
2010-01-01,19,2011-08-01,383,75,0.1958
2010-01-01,20,2011-09-01,383,93,0.2428
2010-01-01,21,2011-10-01,383,74,0.1932
2010-01-01,22,2011-11-01,383,94,0.2454
2010-01-01,23,2011-12-01,383,22,0.0574
2010-02-01,0,2010-02-01,374,374,1.0
2010-02-01,1,2010-03-01,374,89,0.238
2010-02-01,2,2010-04-01,374,84,0.2246
2010-02-01,3,2010-05-01,374,109,0.2914
2010-02-01,4,2010-06-01,374,92,0.246
2010-02-01,5,2010-07-01,374,75,0.2005
2010-02-01,6,2010-08-01,374,72,0.1925
2010-02-01,7,2010-09-01,374,107,0.2861
2010-02-01,8,2010-10-01,374,95,0.254
2010-02-01,9,2010-11-01,374,103,0.2754
2010-02-01,10,2010-12-01,374,43,0.115
2010-02-01,11,2011-01-01,374,47,0.1257
2010-02-01,12,2011-02-01,374,57,0.1524
2010-02-01,13,2011-03-01,374,65,0.1738
2010-02-01,14,2011-04-01,374,46,0.123
2010-02-01,15,2011-05-01,374,75,0.2005
2010-02-01,16,2011-06-01,374,60,0.1604
2010-02-01,17,2011-07-01,374,61,0.1631
2010-02-01,18,2011-08-01,374,54,0.1444
2010-02-01,19,2011-09-01,374,86,0.2299
2010-02-01,20,2011-10-01,374,86,0.2299
2010-02-01,21,2011-11-01,374,61,0.1631
2010-02-01,22,2011-12-01,374,22,0.0588
2010-03-01,0,2010-03-01,443,443,1.0
2010-03-01,1,2010-04-01,443,84,0.1896
2010-03-01,2,2010-05-01,443,102,0.2302
2010-03-01,3,2010-06-01,443,107,0.2415
2010-03-01,4,2010-07-01,443,103,0.2325
2010-03-01,5,2010-08-01,443,90,0.2032
2010-03-01,6,2010-09-01,443,109,0.246
2010-03-01,7,2010-10-01,443,134,0.3025
2010-03-01,8,2010-11-01,443,122,0.2754
2010-03-01,9,2010-12-01,443,48,0.1084
2010-03-01,10,2011-01-01,443,51,0.1151
2010-03-01,11,2011-02-01,443,63,0.1422
2010-03-01,12,2011-03-01,443,89,0.2009
2010-03-01,13,2011-04-01,443,72,0.1625
2010-03-01,14,2011-05-01,443,89,0.2009
2010-03-01,15,2011-06-01,443,75,0.1693
2010-03-01,16,2011-07-01,443,77,0.1738
2010-03-01,17,2011-08-01,443,69,0.1558
2010-03-01,18,2011-09-01,443,78,0.1761
2010-03-01,19,2011-10-01,443,89,0.2009
2010-03-01,20,2011-11-01,443,94,0.2122
2010-03-01,21,2011-12-01,443,35,0.079
2010-04-01,0,2010-04-01,294,294,1.0
2010-04-01,1,2010-05-01,294,57,0.1939
2010-04-01,2,2010-06-01,294,57,0.1939
2010-04-01,3,2010-07-01,294,48,0.1633
2010-04-01,4,2010-08-01,294,54,0.1837
2010-04-01,5,2010-09-01,294,66,0.2245
2010-04-01,6,2010-10-01,294,81,0.2755
2010-04-01,7,2010-11-01,294,77,0.2619
2010-04-01,8,2010-12-01,294,31,0.1054
2010-04-01,9,2011-01-01,294,32,0.1088
2010-04-01,10,2011-02-01,294,22,0.0748
2010-04-01,11,2011-03-01,294,41,0.1395
2010-04-01,12,2011-04-01,294,41,0.1395
2010-04-01,13,2011-05-01,294,46,0.1565
2010-04-01,14,2011-06-01,294,46,0.1565
2010-04-01,15,2011-07-01,294,46,0.1565
2010-04-01,16,2011-08-01,294,41,0.1395
2010-04-01,17,2011-09-01,294,44,0.1497
2010-04-01,18,2011-10-01,294,53,0.1803
2010-04-01,19,2011-11-01,294,66,0.2245
2010-04-01,20,2011-12-01,294,17,0.0578
2010-05-01,0,2010-05-01,254,254,1.0
2010-05-01,1,2010-06-01,254,40,0.1575
2010-05-01,2,2010-07-01,254,43,0.1693
2010-05-01,3,2010-08-01,254,44,0.1732
2010-05-01,4,2010-09-01,254,45,0.1772
2010-05-01,5,2010-10-01,254,65,0.2559
2010-05-01,6,2010-11-01,254,54,0.2126
2010-05-01,7,2010-12-01,254,32,0.126
2010-05-01,8,2011-01-01,254,15,0.0591
2010-05-01,9,2011-02-01,254,21,0.0827
2010-05-01,10,2011-03-01,254,29,0.1142
2010-05-01,11,2011-04-01,254,34,0.1339
2010-05-01,12,2011-05-01,254,39,0.1535
2010-05-01,13,2011-06-01,254,39,0.1535
2010-05-01,14,2011-07-01,254,25,0.0984
2010-05-01,15,2011-08-01,254,32,0.126
2010-05-01,16,2011-09-01,254,35,0.1378
2010-05-01,17,2011-10-01,254,42,0.1654
2010-05-01,18,2011-11-01,254,39,0.1535
2010-05-01,19,2011-12-01,254,12,0.0472
2010-06-01,0,2010-06-01,270,270,1.0
2010-06-01,1,2010-07-01,270,47,0.1741
2010-06-01,2,2010-08-01,270,51,0.1889
2010-06-01,3,2010-09-01,270,55,0.2037
2010-06-01,4,2010-10-01,270,62,0.2296
2010-06-01,5,2010-11-01,270,77,0.2852
2010-06-01,6,2010-12-01,270,34,0.1259
2010-06-01,7,2011-01-01,270,24,0.0889
2010-06-01,8,2011-02-01,270,22,0.0815
2010-06-01,9,2011-03-01,270,32,0.1185
2010-06-01,10,2011-04-01,270,29,0.1074
2010-06-01,11,2011-05-01,270,37,0.137
2010-06-01,12,2011-06-01,270,40,0.1481
2010-06-01,13,2011-07-01,270,33,0.1222
2010-06-01,14,2011-08-01,270,30,0.1111
2010-06-01,15,2011-09-01,270,33,0.1222
2010-06-01,16,2011-10-01,270,36,0.1333
2010-06-01,17,2011-11-01,270,55,0.2037
2010-06-01,18,2011-12-01,270,14,0.0519
2010-07-01,0,2010-07-01,186,186,1.0
2010-07-01,1,2010-08-01,186,29,0.1559
2010-07-01,2,2010-09-01,186,34,0.1828
2010-07-01,3,2010-10-01,186,55,0.2957
2010-07-01,4,2010-11-01,186,54,0.2903
2010-07-01,5,2010-12-01,186,26,0.1398
2010-07-01,6,2011-01-01,186,21,0.1129
2010-07-01,7,2011-02-01,186,27,0.1452
2010-07-01,8,2011-03-01,186,27,0.1452
2010-07-01,9,2011-04-01,186,21,0.1129
2010-07-01,10,2011-05-01,186,25,0.1344
2010-07-01,11,2011-06-01,186,27,0.1452
2010-07-01,12,2011-07-01,186,25,0.1344
2010-07-01,13,2011-08-01,186,25,0.1344
2010-07-01,14,2011-09-01,186,36,0.1935
2010-07-01,15,2011-10-01,186,32,0.172
2010-07-01,16,2011-11-01,186,44,0.2366
2010-07-01,17,2011-12-01,186,15,0.0806
2010-08-01,0,2010-08-01,162,162,1.0
2010-08-01,1,2010-09-01,162,33,0.2037
2010-08-01,2,2010-10-01,162,48,0.2963
2010-08-01,3,2010-11-01,162,52,0.321
2010-08-01,4,2010-12-01,162,28,0.1728
2010-08-01,5,2011-01-01,162,19,0.1173
2010-08-01,6,2011-02-01,162,16,0.0988
2010-08-01,7,2011-03-01,162,20,0.1235
2010-08-01,8,2011-04-01,162,22,0.1358
2010-08-01,9,2011-05-01,162,21,0.1296
2010-08-01,10,2011-06-01,162,21,0.1296
2010-08-01,11,2011-07-01,162,20,0.1235
2010-08-01,12,2011-08-01,162,25,0.1543
2010-08-01,13,2011-09-01,162,30,0.1852
2010-08-01,14,2011-10-01,162,29,0.179
2010-08-01,15,2011-11-01,162,32,0.1975
2010-08-01,16,2011-12-01,162,11,0.0679
2010-09-01,0,2010-09-01,243,243,1.0
2010-09-01,1,2010-10-01,243,55,0.2263
2010-09-01,2,2010-11-01,243,57,0.2346
2010-09-01,3,2010-12-01,243,30,0.1235
2010-09-01,4,2011-01-01,243,22,0.0905
2010-09-01,5,2011-02-01,243,25,0.1029
2010-09-01,6,2011-03-01,243,33,0.1358
2010-09-01,7,2011-04-01,243,24,0.0988
2010-09-01,8,2011-05-01,243,31,0.1276
2010-09-01,9,2011-06-01,243,32,0.1317
2010-09-01,10,2011-07-01,243,28,0.1152
2010-09-01,11,2011-08-01,243,24,0.0988
2010-09-01,12,2011-09-01,243,53,0.2181
2010-09-01,13,2011-10-01,243,40,0.1646
2010-09-01,14,2011-11-01,243,39,0.1605
2010-09-01,15,2011-12-01,243,13,0.0535
2010-10-01,0,2010-10-01,377,377,1.0
2010-10-01,1,2010-11-01,377,97,0.2573
2010-10-01,2,2010-12-01,377,55,0.1459
2010-10-01,3,2011-01-01,377,47,0.1247
2010-10-01,4,2011-02-01,377,33,0.0875
2010-10-01,5,2011-03-01,377,31,0.0822
2010-10-01,6,2011-04-01,377,49,0.13
2010-10-01,7,2011-05-01,377,52,0.1379
2010-10-01,8,2011-06-01,377,40,0.1061
2010-10-01,9,2011-07-01,377,35,0.0928
2010-10-01,10,2011-08-01,377,40,0.1061
2010-10-01,11,2011-09-01,377,49,0.13
2010-10-01,12,2011-10-01,377,72,0.191
2010-10-01,13,2011-11-01,377,87,0.2308
2010-10-01,14,2011-12-01,377,26,0.069
2010-11-01,0,2010-11-01,325,325,1.0
2010-11-01,1,2010-12-01,325,57,0.1754
2010-11-01,2,2011-01-01,325,30,0.0923
2010-11-01,3,2011-02-01,325,31,0.0954
2010-11-01,4,2011-03-01,325,25,0.0769
2010-11-01,5,2011-04-01,325,28,0.0862
2010-11-01,6,2011-05-01,325,42,0.1292
2010-11-01,7,2011-06-01,325,32,0.0985
2010-11-01,8,2011-07-01,325,28,0.0862
2010-11-01,9,2011-08-01,325,29,0.0892
2010-11-01,10,2011-09-01,325,36,0.1108
2010-11-01,11,2011-10-01,325,47,0.1446
2010-11-01,12,2011-11-01,325,83,0.2554
2010-11-01,13,2011-12-01,325,20,0.0615
2010-12-01,0,2010-12-01,76,76,1.0
2010-12-01,1,2011-01-01,76,7,0.0921
2010-12-01,2,2011-02-01,76,4,0.0526
2010-12-01,3,2011-03-01,76,7,0.0921
2010-12-01,4,2011-04-01,76,9,0.1184
2010-12-01,5,2011-05-01,76,5,0.0658
2010-12-01,6,2011-06-01,76,4,0.0526
2010-12-01,7,2011-07-01,76,7,0.0921
2010-12-01,8,2011-08-01,76,4,0.0526
2010-12-01,9,2011-09-01,76,2,0.0263
2010-12-01,10,2011-10-01,76,7,0.0921
2010-12-01,11,2011-11-01,76,15,0.1974
2010-12-01,12,2011-12-01,76,2,0.0263
2011-01-01,0,2011-01-01,71,71,1.0
2011-01-01,1,2011-02-01,71,12,0.169
2011-01-01,2,2011-03-01,71,15,0.2113
2011-01-01,3,2011-04-01,71,14,0.1972
2011-01-01,4,2011-05-01,71,15,0.2113
2011-01-01,5,2011-06-01,71,11,0.1549
2011-01-01,6,2011-07-01,71,11,0.1549
2011-01-01,7,2011-08-01,71,9,0.1268
2011-01-01,8,2011-09-01,71,8,0.1127
2011-01-01,9,2011-10-01,71,15,0.2113
2011-01-01,10,2011-11-01,71,18,0.2535
2011-01-01,11,2011-12-01,71,8,0.1127
2011-02-01,0,2011-02-01,124,124,1.0
2011-02-01,1,2011-03-01,124,20,0.1613
2011-02-01,2,2011-04-01,124,19,0.1532
2011-02-01,3,2011-05-01,124,23,0.1855
2011-02-01,4,2011-06-01,124,27,0.2177
2011-02-01,5,2011-07-01,124,19,0.1532
2011-02-01,6,2011-08-01,124,19,0.1532
2011-02-01,7,2011-09-01,124,18,0.1452
2011-02-01,8,2011-10-01,124,18,0.1452
2011-02-01,9,2011-11-01,124,22,0.1774
2011-02-01,10,2011-12-01,124,7,0.0565
2011-03-01,0,2011-03-01,179,179,1.0
2011-03-01,1,2011-04-01,179,33,0.1844
2011-03-01,2,2011-05-01,179,39,0.2179
2011-03-01,3,2011-06-01,179,36,0.2011
2011-03-01,4,2011-07-01,179,40,0.2235
2011-03-01,5,2011-08-01,179,27,0.1508
2011-03-01,6,2011-09-01,179,37,0.2067
2011-03-01,7,2011-10-01,179,36,0.2011
2011-03-01,8,2011-11-01,179,43,0.2402
2011-03-01,9,2011-12-01,179,17,0.095
2011-04-01,0,2011-04-01,106,106,1.0
2011-04-01,1,2011-05-01,106,27,0.2547
2011-04-01,2,2011-06-01,106,21,0.1981
2011-04-01,3,2011-07-01,106,21,0.1981
2011-04-01,4,2011-08-01,106,19,0.1792
2011-04-01,5,2011-09-01,106,25,0.2358
2011-04-01,6,2011-10-01,106,19,0.1792
2011-04-01,7,2011-11-01,106,27,0.2547
2011-04-01,8,2011-12-01,106,12,0.1132
2011-05-01,0,2011-05-01,111,111,1.0
2011-05-01,1,2011-06-01,111,26,0.2342
2011-05-01,2,2011-07-01,111,27,0.2432
2011-05-01,3,2011-08-01,111,18,0.1622
2011-05-01,4,2011-09-01,111,24,0.2162
2011-05-01,5,2011-10-01,111,23,0.2072
2011-05-01,6,2011-11-01,111,29,0.2613
2011-05-01,7,2011-12-01,111,13,0.1171
2011-06-01,0,2011-06-01,108,108,1.0
2011-06-01,1,2011-07-01,108,25,0.2315
2011-06-01,2,2011-08-01,108,23,0.213
2011-06-01,3,2011-09-01,108,29,0.2685
2011-06-01,4,2011-10-01,108,22,0.2037
2011-06-01,5,2011-11-01,108,31,0.287
2011-06-01,6,2011-12-01,108,9,0.0833
2011-07-01,0,2011-07-01,102,102,1.0
2011-07-01,1,2011-08-01,102,22,0.2157
2011-07-01,2,2011-09-01,102,31,0.3039
2011-07-01,3,2011-10-01,102,28,0.2745
2011-07-01,4,2011-11-01,102,35,0.3431
2011-07-01,5,2011-12-01,102,16,0.1569
2011-08-01,0,2011-08-01,106,106,1.0
2011-08-01,1,2011-09-01,106,29,0.2736
2011-08-01,2,2011-10-01,106,33,0.3113
2011-08-01,3,2011-11-01,106,28,0.2642
2011-08-01,4,2011-12-01,106,18,0.1698
2011-09-01,0,2011-09-01,189,189,1.0
2011-09-01,1,2011-10-01,189,51,0.2698
2011-09-01,2,2011-11-01,189,71,0.3757
2011-09-01,3,2011-12-01,189,28,0.1481
2011-10-01,0,2011-10-01,221,221,1.0
2011-10-01,1,2011-11-01,221,71,0.3213
2011-10-01,2,2011-12-01,221,35,0.1584
2011-11-01,0,2011-11-01,191,191,1.0
2011-11-01,1,2011-12-01,191,27,0.1414
2011-12-01,0,2011-12-01,28,28,1.0
